Time Bucket (America/New_York),Rakhsh-Circuit_4 (kWatts),,Time,Energy_Downsampled,,,
6/30/2023 0:00,0,,6/30/2023 0:09,0,,,
6/30/2023 0:01,0,,6/30/2023 0:29,2.3103,,,
6/30/2023 0:02,0,,6/30/2023 0:49,4.5871,,,
6/30/2023 0:03,0,,6/30/2023 1:09,0,,,
6/30/2023 0:04,0,,6/30/2023 1:29,0,,,
6/30/2023 0:05,0,,6/30/2023 1:49,3.3264,,,
6/30/2023 0:06,0,,6/30/2023 2:09,0,,,
6/30/2023 0:07,0,,6/30/2023 2:29,0,,,
6/30/2023 0:08,0,,6/30/2023 2:49,0,,,
6/30/2023 0:09,0,,6/30/2023 3:09,0,,,
6/30/2023 0:10,0,,6/30/2023 3:29,0,,,
6/30/2023 0:11,0,,6/30/2023 3:49,0,,,
6/30/2023 0:12,0,,6/30/2023 4:09,0,,,
6/30/2023 0:13,0,,6/30/2023 4:29,0,,,
6/30/2023 0:14,0,,6/30/2023 4:49,0,,,
6/30/2023 0:15,0,,6/30/2023 5:09,0,,,
6/30/2023 0:16,0,,6/30/2023 5:29,0,,,
6/30/2023 0:17,0,,6/30/2023 5:49,4.1403,,,
6/30/2023 0:18,0,,6/30/2023 6:09,0,,,
6/30/2023 0:19,0,,6/30/2023 6:29,0,,,
6/30/2023 0:20,0,,6/30/2023 6:49,0,,,
6/30/2023 0:21,0,,6/30/2023 7:09,0,,,
6/30/2023 0:22,0,,6/30/2023 7:29,0,,,
6/30/2023 0:23,0,,6/30/2023 7:49,4.1699,,,
6/30/2023 0:24,0,,6/30/2023 8:09,0.7458,,,
6/30/2023 0:25,0,,6/30/2023 8:29,0,,,
6/30/2023 0:26,0,,6/30/2023 8:49,0,,,
6/30/2023 0:27,0,,6/30/2023 9:09,0,,,
6/30/2023 0:28,0,,6/30/2023 9:29,0,,,
6/30/2023 0:29,0,,6/30/2023 9:49,0.1695,,,
6/30/2023 0:30,0,,6/30/2023 10:09,0,,,
6/30/2023 0:31,0,,6/30/2023 10:29,0,,,
6/30/2023 0:32,0,,6/30/2023 10:49,0,,,
6/30/2023 0:33,0,,6/30/2023 11:09,0,,,
6/30/2023 0:34,0,,6/30/2023 11:29,0,,,
6/30/2023 0:35,0.3628,,6/30/2023 11:49,0,,,
6/30/2023 0:36,0.4868,,6/30/2023 12:09,0,,,
6/30/2023 0:37,0.487,,6/30/2023 12:29,0,,,
6/30/2023 0:38,0.4885,,6/30/2023 12:49,0,,,
6/30/2023 0:39,0.4852,,6/30/2023 13:09,0,,,
6/30/2023 0:40,0.4888,,6/30/2023 13:29,0,,,
6/30/2023 0:41,0.4906,,6/30/2023 13:49,0,,,
6/30/2023 0:42,0.4872,,6/30/2023 14:09,5.5592,,,
6/30/2023 0:43,0.4922,,6/30/2023 14:29,3.7476,,,
6/30/2023 0:44,0.4888,,6/30/2023 14:49,4.4156,,,
6/30/2023 0:45,0.488,,6/30/2023 15:09,5.1457,,,
6/30/2023 0:46,0.4882,,6/30/2023 15:29,0,,,
6/30/2023 0:47,0.4865,,6/30/2023 15:49,4.841,,,
6/30/2023 0:48,0.4875,,6/30/2023 16:09,0,,,
6/30/2023 0:49,0.1893,,6/30/2023 16:29,4.4399,,,
6/30/2023 0:50,0,,6/30/2023 16:49,0,,,
6/30/2023 0:51,0,,6/30/2023 17:09,4.3197,,,
6/30/2023 0:52,0,,6/30/2023 17:29,3.5928,,,
6/30/2023 0:53,0,,6/30/2023 17:49,0.7142,,,
6/30/2023 0:54,0,,6/30/2023 18:09,4.6008,,,
6/30/2023 0:55,0,,6/30/2023 18:29,0,,,
6/30/2023 0:56,0,,6/30/2023 18:49,4.5932,,,
6/30/2023 0:57,0,,6/30/2023 19:09,0,,,
6/30/2023 0:58,0,,6/30/2023 19:29,3.1429,,,
6/30/2023 0:59,0,,6/30/2023 19:49,0.4244,,,
6/30/2023 1:00,0,,6/30/2023 20:09,0,,,
6/30/2023 1:01,0,,6/30/2023 20:29,0,,,
6/30/2023 1:02,0,,6/30/2023 20:49,3.3067,,,
6/30/2023 1:03,0,,6/30/2023 21:09,0,,,
6/30/2023 1:04,0,,6/30/2023 21:29,0,,,
6/30/2023 1:05,0,,6/30/2023 21:49,2.7227,,,
6/30/2023 1:06,0,,6/30/2023 22:09,0,,,
6/30/2023 1:07,0,,6/30/2023 22:29,0,,,
6/30/2023 1:08,0,,6/30/2023 22:49,0,,,
6/30/2023 1:09,0,,6/30/2023 23:09,0,,,
6/30/2023 1:10,0,,6/30/2023 23:29,0,,,
6/30/2023 1:11,0,,6/30/2023 23:49,0,,,
6/30/2023 1:12,0,,,,,,
6/30/2023 1:13,0,,,,,,
6/30/2023 1:14,0,,,,,,
6/30/2023 1:15,0,,,,,,
6/30/2023 1:16,0,,,,,,
6/30/2023 1:17,0,,,,,,
6/30/2023 1:18,0,,,,,,
6/30/2023 1:19,0,,,,,,
6/30/2023 1:20,0,,,,,,
6/30/2023 1:21,0,,,,,,
6/30/2023 1:22,0,,,,,,
6/30/2023 1:23,0,,,,,,
6/30/2023 1:24,0,,,,,,
6/30/2023 1:25,0,,,,,,
6/30/2023 1:26,0,,,,,,
6/30/2023 1:27,0,,,,,,
6/30/2023 1:28,0,,,,,,
6/30/2023 1:29,0,,,,,,
6/30/2023 1:30,0,,,,,,
6/30/2023 1:31,0,,,,,,
6/30/2023 1:32,0,,,,,,
6/30/2023 1:33,0,,,,,,
6/30/2023 1:34,0,,,,,,
6/30/2023 1:35,0,,,,,,
6/30/2023 1:36,0,,,,,,
6/30/2023 1:37,0,,,,,,
6/30/2023 1:38,0,,,,,,
6/30/2023 1:39,0,,,,,,
6/30/2023 1:40,0,,,,,,
6/30/2023 1:41,0,,,,,,
6/30/2023 1:42,0,,,,,,
6/30/2023 1:43,0,,,,,,
6/30/2023 1:44,0,,,,,,
6/30/2023 1:45,0,,,,,,
6/30/2023 1:46,0,,,,,,
6/30/2023 1:47,0,,,,,,
6/30/2023 1:48,0,,,,,,
6/30/2023 1:49,0,,,,,,
6/30/2023 1:50,0.0469,,,,,,
6/30/2023 1:51,0.4838,,,,,,
6/30/2023 1:52,0.4725,,,,,,
6/30/2023 1:53,0.467,,,,,,
6/30/2023 1:54,0.4727,,,,,,
6/30/2023 1:55,0.4715,,,,,,
6/30/2023 1:56,0.4679,,,,,,
6/30/2023 1:57,0.4441,,,,,,
6/30/2023 1:58,0,,,,,,
6/30/2023 1:59,0,,,,,,
6/30/2023 2:00,0,,,,,,
6/30/2023 2:01,0,,,,,,
6/30/2023 2:02,0,,,,,,
6/30/2023 2:03,0,,,,,,
6/30/2023 2:04,0,,,,,,
6/30/2023 2:05,0,,,,,,
6/30/2023 2:06,0,,,,,,
6/30/2023 2:07,0,,,,,,
6/30/2023 2:08,0,,,,,,
6/30/2023 2:09,0,,,,,,
6/30/2023 2:10,0,,,,,,
6/30/2023 2:11,0,,,,,,
6/30/2023 2:12,0,,,,,,
6/30/2023 2:13,0,,,,,,
6/30/2023 2:14,0,,,,,,
6/30/2023 2:15,0,,,,,,
6/30/2023 2:16,0,,,,,,
6/30/2023 2:17,0,,,,,,
6/30/2023 2:18,0,,,,,,
6/30/2023 2:19,0,,,,,,
6/30/2023 2:20,0,,,,,,
6/30/2023 2:21,0,,,,,,
6/30/2023 2:22,0,,,,,,
6/30/2023 2:23,0,,,,,,
6/30/2023 2:24,0,,,,,,
6/30/2023 2:25,0,,,,,,
6/30/2023 2:26,0,,,,,,
6/30/2023 2:27,0,,,,,,
6/30/2023 2:28,0,,,,,,
6/30/2023 2:29,0,,,,,,
6/30/2023 2:30,0,,,,,,
6/30/2023 2:31,0,,,,,,
6/30/2023 2:32,0,,,,,,
6/30/2023 2:33,0,,,,,,
6/30/2023 2:34,0,,,,,,
6/30/2023 2:35,0,,,,,,
6/30/2023 2:36,0,,,,,,
6/30/2023 2:37,0,,,,,,
6/30/2023 2:38,0,,,,,,
6/30/2023 2:39,0,,,,,,
6/30/2023 2:40,0,,,,,,
6/30/2023 2:41,0,,,,,,
6/30/2023 2:42,0,,,,,,
6/30/2023 2:43,0,,,,,,
6/30/2023 2:44,0,,,,,,
6/30/2023 2:45,0,,,,,,
6/30/2023 2:46,0,,,,,,
6/30/2023 2:47,0,,,,,,
6/30/2023 2:48,0,,,,,,
6/30/2023 2:49,0,,,,,,
6/30/2023 2:50,0,,,,,,
6/30/2023 2:51,0,,,,,,
6/30/2023 2:52,0,,,,,,
6/30/2023 2:53,0,,,,,,
6/30/2023 2:54,0,,,,,,
6/30/2023 2:55,0,,,,,,
6/30/2023 2:56,0,,,,,,
6/30/2023 2:57,0,,,,,,
6/30/2023 2:58,0,,,,,,
6/30/2023 2:59,0,,,,,,
6/30/2023 3:00,0,,,,,,
6/30/2023 3:01,0,,,,,,
6/30/2023 3:02,0,,,,,,
6/30/2023 3:03,0,,,,,,
6/30/2023 3:04,0,,,,,,
6/30/2023 3:05,0,,,,,,
6/30/2023 3:06,0,,,,,,
6/30/2023 3:07,0,,,,,,
6/30/2023 3:08,0,,,,,,
6/30/2023 3:09,0,,,,,,
6/30/2023 3:10,0,,,,,,
6/30/2023 3:11,0,,,,,,
6/30/2023 3:12,0,,,,,,
6/30/2023 3:13,0,,,,,,
6/30/2023 3:14,0,,,,,,
6/30/2023 3:15,0,,,,,,
6/30/2023 3:16,0,,,,,,
6/30/2023 3:17,0,,,,,,
6/30/2023 3:18,0,,,,,,
6/30/2023 3:19,0,,,,,,
6/30/2023 3:20,0,,,,,,
6/30/2023 3:21,0,,,,,,
6/30/2023 3:22,0,,,,,,
6/30/2023 3:23,0,,,,,,
6/30/2023 3:24,0,,,,,,
6/30/2023 3:25,0,,,,,,
6/30/2023 3:26,0,,,,,,
6/30/2023 3:27,0,,,,,,
6/30/2023 3:28,0,,,,,,
6/30/2023 3:29,0,,,,,,
6/30/2023 3:30,0,,,,,,
6/30/2023 3:31,0,,,,,,
6/30/2023 3:32,0,,,,,,
6/30/2023 3:33,0,,,,,,
6/30/2023 3:34,0,,,,,,
6/30/2023 3:35,0,,,,,,
6/30/2023 3:36,0,,,,,,
6/30/2023 3:37,0,,,,,,
6/30/2023 3:38,0,,,,,,
6/30/2023 3:39,0,,,,,,
6/30/2023 3:40,0,,,,,,
6/30/2023 3:41,0,,,,,,
6/30/2023 3:42,0,,,,,,
6/30/2023 3:43,0,,,,,,
6/30/2023 3:44,0,,,,,,
6/30/2023 3:45,0,,,,,,
6/30/2023 3:46,0,,,,,,
6/30/2023 3:47,0,,,,,,
6/30/2023 3:48,0,,,,,,
6/30/2023 3:49,0,,,,,,
6/30/2023 3:50,0,,,,,,
6/30/2023 3:51,0,,,,,,
6/30/2023 3:52,0,,,,,,
6/30/2023 3:53,0,,,,,,
6/30/2023 3:54,0,,,,,,
6/30/2023 3:55,0,,,,,,
6/30/2023 3:56,0,,,,,,
6/30/2023 3:57,0,,,,,,
6/30/2023 3:58,0,,,,,,
6/30/2023 3:59,0,,,,,,
6/30/2023 4:00,0,,,,,,
6/30/2023 4:01,0,,,,,,
6/30/2023 4:02,0,,,,,,
6/30/2023 4:03,0,,,,,,
6/30/2023 4:04,0,,,,,,
6/30/2023 4:05,0,,,,,,
6/30/2023 4:06,0,,,,,,
6/30/2023 4:07,0,,,,,,
6/30/2023 4:08,0,,,,,,
6/30/2023 4:09,0,,,,,,
6/30/2023 4:10,0,,,,,,
6/30/2023 4:11,0,,,,,,
6/30/2023 4:12,0,,,,,,
6/30/2023 4:13,0,,,,,,
6/30/2023 4:14,0,,,,,,
6/30/2023 4:15,0,,,,,,
6/30/2023 4:16,0,,,,,,
6/30/2023 4:17,0,,,,,,
6/30/2023 4:18,0,,,,,,
6/30/2023 4:19,0,,,,,,
6/30/2023 4:20,0,,,,,,
6/30/2023 4:21,0,,,,,,
6/30/2023 4:22,0,,,,,,
6/30/2023 4:23,0,,,,,,
6/30/2023 4:24,0,,,,,,
6/30/2023 4:25,0,,,,,,
6/30/2023 4:26,0,,,,,,
6/30/2023 4:27,0,,,,,,
6/30/2023 4:28,0,,,,,,
6/30/2023 4:29,0,,,,,,
6/30/2023 4:30,0,,,,,,
6/30/2023 4:31,0,,,,,,
6/30/2023 4:32,0,,,,,,
6/30/2023 4:33,0,,,,,,
6/30/2023 4:34,0,,,,,,
6/30/2023 4:35,0,,,,,,
6/30/2023 4:36,0,,,,,,
6/30/2023 4:37,0,,,,,,
6/30/2023 4:38,0,,,,,,
6/30/2023 4:39,0,,,,,,
6/30/2023 4:40,0,,,,,,
6/30/2023 4:41,0,,,,,,
6/30/2023 4:42,0,,,,,,
6/30/2023 4:43,0,,,,,,
6/30/2023 4:44,0,,,,,,
6/30/2023 4:45,0,,,,,,
6/30/2023 4:46,0,,,,,,
6/30/2023 4:47,0,,,,,,
6/30/2023 4:48,0,,,,,,
6/30/2023 4:49,0,,,,,,
6/30/2023 4:50,0,,,,,,
6/30/2023 4:51,0,,,,,,
6/30/2023 4:52,0,,,,,,
6/30/2023 4:53,0,,,,,,
6/30/2023 4:54,0,,,,,,
6/30/2023 4:55,0,,,,,,
6/30/2023 4:56,0,,,,,,
6/30/2023 4:57,0,,,,,,
6/30/2023 4:58,0,,,,,,
6/30/2023 4:59,0,,,,,,
6/30/2023 5:00,0,,,,,,
6/30/2023 5:01,0,,,,,,
6/30/2023 5:02,0,,,,,,
6/30/2023 5:03,0,,,,,,
6/30/2023 5:04,0,,,,,,
6/30/2023 5:05,0,,,,,,
6/30/2023 5:06,0,,,,,,
6/30/2023 5:07,0,,,,,,
6/30/2023 5:08,0,,,,,,
6/30/2023 5:09,0,,,,,,
6/30/2023 5:10,0,,,,,,
6/30/2023 5:11,0,,,,,,
6/30/2023 5:12,0,,,,,,
6/30/2023 5:13,0,,,,,,
6/30/2023 5:14,0,,,,,,
6/30/2023 5:15,0,,,,,,
6/30/2023 5:16,0,,,,,,
6/30/2023 5:17,0,,,,,,
6/30/2023 5:18,0,,,,,,
6/30/2023 5:19,0,,,,,,
6/30/2023 5:20,0,,,,,,
6/30/2023 5:21,0,,,,,,
6/30/2023 5:22,0,,,,,,
6/30/2023 5:23,0,,,,,,
6/30/2023 5:24,0,,,,,,
6/30/2023 5:25,0,,,,,,
6/30/2023 5:26,0,,,,,,
6/30/2023 5:27,0,,,,,,
6/30/2023 5:28,0,,,,,,
6/30/2023 5:29,0,,,,,,
6/30/2023 5:30,0,,,,,,
6/30/2023 5:31,0,,,,,,
6/30/2023 5:32,0,,,,,,
6/30/2023 5:33,0,,,,,,
6/30/2023 5:34,0,,,,,,
6/30/2023 5:35,0,,,,,,
6/30/2023 5:36,0,,,,,,
6/30/2023 5:37,0,,,,,,
6/30/2023 5:38,0,,,,,,
6/30/2023 5:39,0,,,,,,
6/30/2023 5:40,0,,,,,,
6/30/2023 5:41,0,,,,,,
6/30/2023 5:42,0,,,,,,
6/30/2023 5:43,0,,,,,,
6/30/2023 5:44,0,,,,,,
6/30/2023 5:45,0,,,,,,
6/30/2023 5:46,0,,,,,,
6/30/2023 5:47,0,,,,,,
6/30/2023 5:48,0,,,,,,
6/30/2023 5:49,0,,,,,,
6/30/2023 5:50,0,,,,,,
6/30/2023 5:51,0.4471,,,,,,
6/30/2023 5:52,0.4684,,,,,,
6/30/2023 5:53,0.465,,,,,,
6/30/2023 5:54,0.473,,,,,,
6/30/2023 5:55,0.4717,,,,,,
6/30/2023 5:56,0.4685,,,,,,
6/30/2023 5:57,0.4737,,,,,,
6/30/2023 5:58,0.471,,,,,,
6/30/2023 5:59,0.4019,,,,,,
6/30/2023 6:00,0,,,,,,
6/30/2023 6:01,0,,,,,,
6/30/2023 6:02,0,,,,,,
6/30/2023 6:03,0,,,,,,
6/30/2023 6:04,0,,,,,,
6/30/2023 6:05,0,,,,,,
6/30/2023 6:06,0,,,,,,
6/30/2023 6:07,0,,,,,,
6/30/2023 6:08,0,,,,,,
6/30/2023 6:09,0,,,,,,
6/30/2023 6:10,0,,,,,,
6/30/2023 6:11,0,,,,,,
6/30/2023 6:12,0,,,,,,
6/30/2023 6:13,0,,,,,,
6/30/2023 6:14,0,,,,,,
6/30/2023 6:15,0,,,,,,
6/30/2023 6:16,0,,,,,,
6/30/2023 6:17,0,,,,,,
6/30/2023 6:18,0,,,,,,
6/30/2023 6:19,0,,,,,,
6/30/2023 6:20,0,,,,,,
6/30/2023 6:21,0,,,,,,
6/30/2023 6:22,0,,,,,,
6/30/2023 6:23,0,,,,,,
6/30/2023 6:24,0,,,,,,
6/30/2023 6:25,0,,,,,,
6/30/2023 6:26,0,,,,,,
6/30/2023 6:27,0,,,,,,
6/30/2023 6:28,0,,,,,,
6/30/2023 6:29,0,,,,,,
6/30/2023 6:30,0,,,,,,
6/30/2023 6:31,0,,,,,,
6/30/2023 6:32,0,,,,,,
6/30/2023 6:33,0,,,,,,
6/30/2023 6:34,0,,,,,,
6/30/2023 6:35,0,,,,,,
6/30/2023 6:36,0,,,,,,
6/30/2023 6:37,0,,,,,,
6/30/2023 6:38,0,,,,,,
6/30/2023 6:39,0,,,,,,
6/30/2023 6:40,0,,,,,,
6/30/2023 6:41,0,,,,,,
6/30/2023 6:42,0,,,,,,
6/30/2023 6:43,0,,,,,,
6/30/2023 6:44,0,,,,,,
6/30/2023 6:45,0,,,,,,
6/30/2023 6:46,0,,,,,,
6/30/2023 6:47,0,,,,,,
6/30/2023 6:48,0,,,,,,
6/30/2023 6:49,0,,,,,,
6/30/2023 6:50,0,,,,,,
6/30/2023 6:51,0,,,,,,
6/30/2023 6:52,0,,,,,,
6/30/2023 6:53,0,,,,,,
6/30/2023 6:54,0,,,,,,
6/30/2023 6:55,0,,,,,,
6/30/2023 6:56,0,,,,,,
6/30/2023 6:57,0,,,,,,
6/30/2023 6:58,0,,,,,,
6/30/2023 6:59,0,,,,,,
6/30/2023 7:00,0,,,,,,
6/30/2023 7:01,0,,,,,,
6/30/2023 7:02,0,,,,,,
6/30/2023 7:03,0,,,,,,
6/30/2023 7:04,0,,,,,,
6/30/2023 7:05,0,,,,,,
6/30/2023 7:06,0,,,,,,
6/30/2023 7:07,0,,,,,,
6/30/2023 7:08,0,,,,,,
6/30/2023 7:09,0,,,,,,
6/30/2023 7:10,0,,,,,,
6/30/2023 7:11,0,,,,,,
6/30/2023 7:12,0,,,,,,
6/30/2023 7:13,0,,,,,,
6/30/2023 7:14,0,,,,,,
6/30/2023 7:15,0,,,,,,
6/30/2023 7:16,0,,,,,,
6/30/2023 7:17,0,,,,,,
6/30/2023 7:18,0,,,,,,
6/30/2023 7:19,0,,,,,,
6/30/2023 7:20,0,,,,,,
6/30/2023 7:21,0,,,,,,
6/30/2023 7:22,0,,,,,,
6/30/2023 7:23,0,,,,,,
6/30/2023 7:24,0,,,,,,
6/30/2023 7:25,0,,,,,,
6/30/2023 7:26,0,,,,,,
6/30/2023 7:27,0,,,,,,
6/30/2023 7:28,0,,,,,,
6/30/2023 7:29,0,,,,,,
6/30/2023 7:30,0,,,,,,
6/30/2023 7:31,0,,,,,,
6/30/2023 7:32,0,,,,,,
6/30/2023 7:33,0,,,,,,
6/30/2023 7:34,0,,,,,,
6/30/2023 7:35,0,,,,,,
6/30/2023 7:36,0,,,,,,
6/30/2023 7:37,0,,,,,,
6/30/2023 7:38,0,,,,,,
6/30/2023 7:39,0,,,,,,
6/30/2023 7:40,0,,,,,,
6/30/2023 7:41,0,,,,,,
6/30/2023 7:42,0,,,,,,
6/30/2023 7:43,0,,,,,,
6/30/2023 7:44,0,,,,,,
6/30/2023 7:45,0,,,,,,
6/30/2023 7:46,0,,,,,,
6/30/2023 7:47,0,,,,,,
6/30/2023 7:48,0,,,,,,
6/30/2023 7:49,0,,,,,,
6/30/2023 7:50,0,,,,,,
6/30/2023 7:51,0.4173,,,,,,
6/30/2023 7:52,0.4685,,,,,,
6/30/2023 7:53,0.466,,,,,,
6/30/2023 7:54,0.471,,,,,,
6/30/2023 7:55,0.4692,,,,,,
6/30/2023 7:56,0.4683,,,,,,
6/30/2023 7:57,0.4715,,,,,,
6/30/2023 7:58,0.4676,,,,,,
6/30/2023 7:59,0.4705,,,,,,
6/30/2023 8:00,0.4695,,,,,,
6/30/2023 8:01,0.2763,,,,,,
6/30/2023 8:02,0,,,,,,
6/30/2023 8:03,0,,,,,,
6/30/2023 8:04,0,,,,,,
6/30/2023 8:05,0,,,,,,
6/30/2023 8:06,0,,,,,,
6/30/2023 8:07,0,,,,,,
6/30/2023 8:08,0,,,,,,
6/30/2023 8:09,0,,,,,,
6/30/2023 8:10,0,,,,,,
6/30/2023 8:11,0,,,,,,
6/30/2023 8:12,0,,,,,,
6/30/2023 8:13,0,,,,,,
6/30/2023 8:14,0,,,,,,
6/30/2023 8:15,0,,,,,,
6/30/2023 8:16,0,,,,,,
6/30/2023 8:17,0,,,,,,
6/30/2023 8:18,0,,,,,,
6/30/2023 8:19,0,,,,,,
6/30/2023 8:20,0,,,,,,
6/30/2023 8:21,0,,,,,,
6/30/2023 8:22,0,,,,,,
6/30/2023 8:23,0,,,,,,
6/30/2023 8:24,0,,,,,,
6/30/2023 8:25,0,,,,,,
6/30/2023 8:26,0,,,,,,
6/30/2023 8:27,0,,,,,,
6/30/2023 8:28,0,,,,,,
6/30/2023 8:29,0,,,,,,
6/30/2023 8:30,0,,,,,,
6/30/2023 8:31,0,,,,,,
6/30/2023 8:32,0,,,,,,
6/30/2023 8:33,0,,,,,,
6/30/2023 8:34,0,,,,,,
6/30/2023 8:35,0,,,,,,
6/30/2023 8:36,0,,,,,,
6/30/2023 8:37,0,,,,,,
6/30/2023 8:38,0,,,,,,
6/30/2023 8:39,0,,,,,,
6/30/2023 8:40,0,,,,,,
6/30/2023 8:41,0,,,,,,
6/30/2023 8:42,0,,,,,,
6/30/2023 8:43,0,,,,,,
6/30/2023 8:44,0,,,,,,
6/30/2023 8:45,0,,,,,,
6/30/2023 8:46,0,,,,,,
6/30/2023 8:47,0,,,,,,
6/30/2023 8:48,0,,,,,,
6/30/2023 8:49,0,,,,,,
6/30/2023 8:50,0,,,,,,
6/30/2023 8:51,0,,,,,,
6/30/2023 8:52,0,,,,,,
6/30/2023 8:53,0,,,,,,
6/30/2023 8:54,0,,,,,,
6/30/2023 8:55,0,,,,,,
6/30/2023 8:56,0,,,,,,
6/30/2023 8:57,0,,,,,,
6/30/2023 8:58,0,,,,,,
6/30/2023 8:59,0,,,,,,
6/30/2023 9:00,0,,,,,,
6/30/2023 9:01,0,,,,,,
6/30/2023 9:02,0,,,,,,
6/30/2023 9:03,0,,,,,,
6/30/2023 9:04,0,,,,,,
6/30/2023 9:05,0,,,,,,
6/30/2023 9:06,0,,,,,,
6/30/2023 9:07,0,,,,,,
6/30/2023 9:08,0,,,,,,
6/30/2023 9:09,0,,,,,,
6/30/2023 9:10,0,,,,,,
6/30/2023 9:11,0,,,,,,
6/30/2023 9:12,0,,,,,,
6/30/2023 9:13,0,,,,,,
6/30/2023 9:14,0,,,,,,
6/30/2023 9:15,0,,,,,,
6/30/2023 9:16,0,,,,,,
6/30/2023 9:17,0,,,,,,
6/30/2023 9:18,0,,,,,,
6/30/2023 9:19,0,,,,,,
6/30/2023 9:20,0,,,,,,
6/30/2023 9:21,0,,,,,,
6/30/2023 9:22,0,,,,,,
6/30/2023 9:23,0,,,,,,
6/30/2023 9:24,0,,,,,,
6/30/2023 9:25,0,,,,,,
6/30/2023 9:26,0,,,,,,
6/30/2023 9:27,0,,,,,,
6/30/2023 9:28,0,,,,,,
6/30/2023 9:29,0,,,,,,
6/30/2023 9:30,0,,,,,,
6/30/2023 9:31,0,,,,,,
6/30/2023 9:32,0,,,,,,
6/30/2023 9:33,0,,,,,,
6/30/2023 9:34,0,,,,,,
6/30/2023 9:35,0,,,,,,
6/30/2023 9:36,0,,,,,,
6/30/2023 9:37,0,,,,,,
6/30/2023 9:38,0,,,,,,
6/30/2023 9:39,0,,,,,,
6/30/2023 9:40,0,,,,,,
6/30/2023 9:41,0,,,,,,
6/30/2023 9:42,0,,,,,,
6/30/2023 9:43,0,,,,,,
6/30/2023 9:44,0,,,,,,
6/30/2023 9:45,0,,,,,,
6/30/2023 9:46,0,,,,,,
6/30/2023 9:47,0,,,,,,
6/30/2023 9:48,0,,,,,,
6/30/2023 9:49,0,,,,,,
6/30/2023 9:50,0,,,,,,
6/30/2023 9:51,0,,,,,,72
6/30/2023 9:52,0,,,,,,
6/30/2023 9:53,0,,,,,,
6/30/2023 9:54,0,,,,,,
6/30/2023 9:55,0,,,,,,
6/30/2023 9:56,0,,,,,,
6/30/2023 9:57,0.1007,,,,,,
6/30/2023 9:58,0.0688,,,,,,
6/30/2023 9:59,0,,,,,,
6/30/2023 10:00,0,,,,,,
6/30/2023 10:01,0,,,,,,
6/30/2023 10:02,0,,,,,,
6/30/2023 10:03,0,,,,,,
6/30/2023 10:04,0,,,,,,
6/30/2023 10:05,0,,,,,,
6/30/2023 10:06,0,,,,,,
6/30/2023 10:07,0,,,,,,
6/30/2023 10:08,0,,,,,,
6/30/2023 10:09,0,,,,,,
6/30/2023 10:10,0,,,,,,
6/30/2023 10:11,0,,,,,,
6/30/2023 10:12,0,,,,,,
6/30/2023 10:13,0,,,,,,
6/30/2023 10:14,0,,,,,,
6/30/2023 10:15,0,,,,,,
6/30/2023 10:16,0,,,,,,
6/30/2023 10:17,0,,,,,,
6/30/2023 10:18,0,,,,,,
6/30/2023 10:19,0,,,,,,
6/30/2023 10:20,0,,,,,,
6/30/2023 10:21,0,,,,,,
6/30/2023 10:22,0,,,,,,
6/30/2023 10:23,0,,,,,,
6/30/2023 10:24,0,,,,,,
6/30/2023 10:25,0,,,,,,
6/30/2023 10:26,0,,,,,,
6/30/2023 10:27,0,,,,,,
6/30/2023 10:28,0,,,,,,
6/30/2023 10:29,0,,,,,,
6/30/2023 10:30,0,,,,,,
6/30/2023 10:31,0,,,,,,
6/30/2023 10:32,0,,,,,,
6/30/2023 10:33,0,,,,,,
6/30/2023 10:34,0,,,,,,
6/30/2023 10:35,0,,,,,,
6/30/2023 10:36,0,,,,,,
6/30/2023 10:37,0,,,,,,
6/30/2023 10:38,0,,,,,,
6/30/2023 10:39,0,,,,,,
6/30/2023 10:40,0,,,,,,
6/30/2023 10:41,0,,,,,,
6/30/2023 10:42,0,,,,,,
6/30/2023 10:43,0,,,,,,
6/30/2023 10:44,0,,,,,,
6/30/2023 10:45,0,,,,,,
6/30/2023 10:46,0,,,,,,
6/30/2023 10:47,0,,,,,,
6/30/2023 10:48,0,,,,,,
6/30/2023 10:49,0,,,,,,
6/30/2023 10:50,0,,,,,,
6/30/2023 10:51,0,,,,,,
6/30/2023 10:52,0,,,,,,
6/30/2023 10:53,0,,,,,,
6/30/2023 10:54,0,,,,,,
6/30/2023 10:55,0,,,,,,
6/30/2023 10:56,0,,,,,,
6/30/2023 10:57,0,,,,,,
6/30/2023 10:58,0,,,,,,
6/30/2023 10:59,0,,,,,,
6/30/2023 11:00,0,,,,,,
6/30/2023 11:01,0,,,,,,
6/30/2023 11:02,0,,,,,,
6/30/2023 11:03,0,,,,,,
6/30/2023 11:04,0,,,,,,
6/30/2023 11:05,0,,,,,,
6/30/2023 11:06,0,,,,,,
6/30/2023 11:07,0,,,,,,
6/30/2023 11:08,0,,,,,,
6/30/2023 11:09,0,,,,,,
6/30/2023 11:10,0,,,,,,
6/30/2023 11:11,0,,,,,,
6/30/2023 11:12,0,,,,,,
6/30/2023 11:13,0,,,,,,
6/30/2023 11:14,0,,,,,,
6/30/2023 11:15,0,,,,,,
6/30/2023 11:16,0,,,,,,
6/30/2023 11:17,0,,,,,,
6/30/2023 11:18,0,,,,,,
6/30/2023 11:19,0,,,,,,
6/30/2023 11:20,0,,,,,,
6/30/2023 11:21,0,,,,,,
6/30/2023 11:22,0,,,,,,
6/30/2023 11:23,0,,,,,,
6/30/2023 11:24,0,,,,,,
6/30/2023 11:25,0,,,,,,
6/30/2023 11:26,0,,,,,,
6/30/2023 11:27,0,,,,,,
6/30/2023 11:28,0,,,,,,
6/30/2023 11:29,0,,,,,,
6/30/2023 11:30,0,,,,,,
6/30/2023 11:31,0,,,,,,
6/30/2023 11:32,0,,,,,,
6/30/2023 11:33,0,,,,,,
6/30/2023 11:34,0,,,,,,
6/30/2023 11:35,0,,,,,,
6/30/2023 11:36,0,,,,,,
6/30/2023 11:37,0,,,,,,
6/30/2023 11:38,0,,,,,,
6/30/2023 11:39,0,,,,,,
6/30/2023 11:40,0,,,,,,
6/30/2023 11:41,0,,,,,,
6/30/2023 11:42,0,,,,,,
6/30/2023 11:43,0,,,,,,
6/30/2023 11:44,0,,,,,,
6/30/2023 11:45,0,,,,,,
6/30/2023 11:46,0,,,,,,
6/30/2023 11:47,0,,,,,,
6/30/2023 11:48,0,,,,,,
6/30/2023 11:49,0,,,,,,
6/30/2023 11:50,0,,,,,,
6/30/2023 11:51,0,,,,,,
6/30/2023 11:52,0,,,,,,
6/30/2023 11:53,0,,,,,,
6/30/2023 11:54,0,,,,,,
6/30/2023 11:55,0,,,,,,
6/30/2023 11:56,0,,,,,,
6/30/2023 11:57,0,,,,,,
6/30/2023 11:58,0,,,,,,
6/30/2023 11:59,0,,,,,,
6/30/2023 12:00,0,,,,,,
6/30/2023 12:01,0,,,,,,
6/30/2023 12:02,0,,,,,,
6/30/2023 12:03,0,,,,,,
6/30/2023 12:04,0,,,,,,
6/30/2023 12:05,0,,,,,,
6/30/2023 12:06,0,,,,,,
6/30/2023 12:07,0,,,,,,
6/30/2023 12:08,0,,,,,,
6/30/2023 12:09,0,,,,,,
6/30/2023 12:10,0,,,,,,
6/30/2023 12:11,0,,,,,,
6/30/2023 12:12,0,,,,,,
6/30/2023 12:13,0,,,,,,
6/30/2023 12:14,0,,,,,,
6/30/2023 12:15,0,,,,,,
6/30/2023 12:16,0,,,,,,
6/30/2023 12:17,0,,,,,,
6/30/2023 12:18,0,,,,,,
6/30/2023 12:19,0,,,,,,
6/30/2023 12:20,0,,,,,,
6/30/2023 12:21,0,,,,,,
6/30/2023 12:22,0,,,,,,
6/30/2023 12:23,0,,,,,,
6/30/2023 12:24,0,,,,,,
6/30/2023 12:25,0,,,,,,
6/30/2023 12:26,0,,,,,,
6/30/2023 12:27,0,,,,,,
6/30/2023 12:28,0,,,,,,
6/30/2023 12:29,0,,,,,,
6/30/2023 12:30,0,,,,,,
6/30/2023 12:31,0,,,,,,
6/30/2023 12:32,0,,,,,,
6/30/2023 12:33,0,,,,,,
6/30/2023 12:34,0,,,,,,
6/30/2023 12:35,0,,,,,,
6/30/2023 12:36,0,,,,,,
6/30/2023 12:37,0,,,,,,
6/30/2023 12:38,0,,,,,,
6/30/2023 12:39,0,,,,,,
6/30/2023 12:40,0,,,,,,
6/30/2023 12:41,0,,,,,,
6/30/2023 12:42,0,,,,,,
6/30/2023 12:43,0,,,,,,
6/30/2023 12:44,0,,,,,,
6/30/2023 12:45,0,,,,,,
6/30/2023 12:46,0,,,,,,
6/30/2023 12:47,0,,,,,,
6/30/2023 12:48,0,,,,,,
6/30/2023 12:49,0,,,,,,
6/30/2023 12:50,0,,,,,,
6/30/2023 12:51,0,,,,,,
6/30/2023 12:52,0,,,,,,
6/30/2023 12:53,0,,,,,,
6/30/2023 12:54,0,,,,,,
6/30/2023 12:55,0,,,,,,
6/30/2023 12:56,0,,,,,,
6/30/2023 12:57,0,,,,,,
6/30/2023 12:58,0,,,,,,
6/30/2023 12:59,0,,,,,,
6/30/2023 13:00,0,,,,,,
6/30/2023 13:01,0,,,,,,
6/30/2023 13:02,0,,,,,,
6/30/2023 13:03,0,,,,,,
6/30/2023 13:04,0,,,,,,
6/30/2023 13:05,0,,,,,,
6/30/2023 13:06,0,,,,,,
6/30/2023 13:07,0,,,,,,
6/30/2023 13:08,0,,,,,,
6/30/2023 13:09,0,,,,,,
6/30/2023 13:10,0,,,,,,
6/30/2023 13:11,0,,,,,,
6/30/2023 13:12,0,,,,,,
6/30/2023 13:13,0,,,,,,
6/30/2023 13:14,0,,,,,,
6/30/2023 13:15,0,,,,,,
6/30/2023 13:16,0,,,,,,
6/30/2023 13:17,0,,,,,,
6/30/2023 13:18,0,,,,,,
6/30/2023 13:19,0,,,,,,
6/30/2023 13:20,0,,,,,,
6/30/2023 13:21,0,,,,,,
6/30/2023 13:22,0,,,,,,
6/30/2023 13:23,0,,,,,,
6/30/2023 13:24,0,,,,,,
6/30/2023 13:25,0,,,,,,
6/30/2023 13:26,0,,,,,,
6/30/2023 13:27,0,,,,,,
6/30/2023 13:28,0,,,,,,
6/30/2023 13:29,0,,,,,,
6/30/2023 13:30,0,,,,,,
6/30/2023 13:31,0,,,,,,
6/30/2023 13:32,0,,,,,,
6/30/2023 13:33,0,,,,,,
6/30/2023 13:34,0,,,,,,
6/30/2023 13:35,0,,,,,,
6/30/2023 13:36,0,,,,,,
6/30/2023 13:37,0,,,,,,
6/30/2023 13:38,0,,,,,,
6/30/2023 13:39,0,,,,,,
6/30/2023 13:40,0,,,,,,
6/30/2023 13:41,0,,,,,,
6/30/2023 13:42,0,,,,,,
6/30/2023 13:43,0,,,,,,
6/30/2023 13:44,0,,,,,,
6/30/2023 13:45,0,,,,,,
6/30/2023 13:46,0,,,,,,
6/30/2023 13:47,0,,,,,,
6/30/2023 13:48,0,,,,,,
6/30/2023 13:49,0,,,,,,
6/30/2023 13:50,0,,,,,,
6/30/2023 13:51,0,,,,,,
6/30/2023 13:52,0,,,,,,
6/30/2023 13:53,0,,,,,,
6/30/2023 13:54,0,,,,,,
6/30/2023 13:55,0,,,,,,
6/30/2023 13:56,0,,,,,,
6/30/2023 13:57,0,,,,,,
6/30/2023 13:58,0,,,,,,
6/30/2023 13:59,0,,,,,,
6/30/2023 14:00,0,,,,,,
6/30/2023 14:01,0,,,,,,
6/30/2023 14:02,0,,,,,,
6/30/2023 14:03,0,,,,,,
6/30/2023 14:04,0,,,,,,
6/30/2023 14:05,0,,,,,,
6/30/2023 14:06,0,,,,,,
6/30/2023 14:07,0.533,,,,,,
6/30/2023 14:08,0.5467,,,,,,
6/30/2023 14:09,0.5502,,,,,,
6/30/2023 14:10,0.5531,,,,,,
6/30/2023 14:11,0.5585,,,,,,
6/30/2023 14:12,0.5627,,,,,,
6/30/2023 14:13,0.5601,,,,,,
6/30/2023 14:14,0.5603,,,,,,
6/30/2023 14:15,0.5567,,,,,,
6/30/2023 14:16,0.5526,,,,,,
6/30/2023 14:17,0.0253,,,,,,
6/30/2023 14:18,0,,,,,,
6/30/2023 14:19,0,,,,,,
6/30/2023 14:20,0,,,,,,
6/30/2023 14:21,0,,,,,,
6/30/2023 14:22,0,,,,,,
6/30/2023 14:23,0,,,,,,
6/30/2023 14:24,0,,,,,,
6/30/2023 14:25,0,,,,,,
6/30/2023 14:26,0,,,,,,
6/30/2023 14:27,0,,,,,,
6/30/2023 14:28,0,,,,,,
6/30/2023 14:29,0,,,,,,
6/30/2023 14:30,0,,,,,,
6/30/2023 14:31,0,,,,,,
6/30/2023 14:32,0,,,,,,
6/30/2023 14:33,0.4064,,,,,,
6/30/2023 14:34,0.5634,,,,,,
6/30/2023 14:35,0.5518,,,,,,
6/30/2023 14:36,0.5515,,,,,,
6/30/2023 14:37,0.5554,,,,,,
6/30/2023 14:38,0.5583,,,,,,
6/30/2023 14:39,0.5608,,,,,,
6/30/2023 14:40,0.5559,,,,,,
6/30/2023 14:41,0.5508,,,,,,
6/30/2023 14:42,0.553,,,,,,
6/30/2023 14:43,0.553,,,,,,
6/30/2023 14:44,0.5513,,,,,,
6/30/2023 14:45,0.5531,,,,,,
6/30/2023 14:46,0.558,,,,,,
6/30/2023 14:47,0.5405,,,,,,
6/30/2023 14:48,0,,,,,,
6/30/2023 14:49,0,,,,,,
6/30/2023 14:50,0,,,,,,
6/30/2023 14:51,0,,,,,,
6/30/2023 14:52,0,,,,,,
6/30/2023 14:53,0,,,,,,
6/30/2023 14:54,0,,,,,,
6/30/2023 14:55,0,,,,,,
6/30/2023 14:56,0,,,,,,
6/30/2023 14:57,0,,,,,,
6/30/2023 14:58,0,,,,,,
6/30/2023 14:59,0,,,,,,
6/30/2023 15:00,0,,,,,,
6/30/2023 15:01,0,,,,,,
6/30/2023 15:02,0,,,,,,
6/30/2023 15:03,0,,,,,,
6/30/2023 15:04,0,,,,,,
6/30/2023 15:05,0,,,,,,
6/30/2023 15:06,0,,,,,,
6/30/2023 15:07,0,,,,,,
6/30/2023 15:08,0.4095,,,,,,
6/30/2023 15:09,0.5627,,,,,,
6/30/2023 15:10,0.5547,,,,,,
6/30/2023 15:11,0.553,,,,,,
6/30/2023 15:12,0.5518,,,,,,
6/30/2023 15:13,0.552,,,,,,
6/30/2023 15:14,0.5524,,,,,,
6/30/2023 15:15,0.5535,,,,,,
6/30/2023 15:16,0.5515,,,,,,
6/30/2023 15:17,0.3046,,,,,,
6/30/2023 15:18,0,,,,,,
6/30/2023 15:19,0,,,,,,
6/30/2023 15:20,0,,,,,,
6/30/2023 15:21,0,,,,,,
6/30/2023 15:22,0,,,,,,
6/30/2023 15:23,0,,,,,,
6/30/2023 15:24,0,,,,,,
6/30/2023 15:25,0,,,,,,
6/30/2023 15:26,0,,,,,,
6/30/2023 15:27,0,,,,,,
6/30/2023 15:28,0,,,,,,
6/30/2023 15:29,0,,,,,,
6/30/2023 15:30,0,,,,,,
6/30/2023 15:31,0,,,,,,
6/30/2023 15:32,0,,,,,,
6/30/2023 15:33,0,,,,,,
6/30/2023 15:34,0,,,,,,
6/30/2023 15:35,0,,,,,,
6/30/2023 15:36,0,,,,,,
6/30/2023 15:37,0,,,,,,
6/30/2023 15:38,0,,,,,,
6/30/2023 15:39,0,,,,,,
6/30/2023 15:40,0,,,,,,
6/30/2023 15:41,0,,,,,,
6/30/2023 15:42,0,,,,,,
6/30/2023 15:43,0.1121,,,,,,
6/30/2023 15:44,0.5511,,,,,,
6/30/2023 15:45,0.5478,,,,,,
6/30/2023 15:46,0.5439,,,,,,
6/30/2023 15:47,0.5483,,,,,,
6/30/2023 15:48,0.5556,,,,,,
6/30/2023 15:49,0.5532,,,,,,
6/30/2023 15:50,0.5595,,,,,,
6/30/2023 15:51,0.5601,,,,,,
6/30/2023 15:52,0.3094,,,,,,
6/30/2023 15:53,0,,,,,,
6/30/2023 15:54,0,,,,,,
6/30/2023 15:55,0,,,,,,
6/30/2023 15:56,0,,,,,,
6/30/2023 15:57,0,,,,,,
6/30/2023 15:58,0,,,,,,
6/30/2023 15:59,0,,,,,,
6/30/2023 16:00,0,,,,,,
6/30/2023 16:01,0,,,,,,
6/30/2023 16:02,0,,,,,,
6/30/2023 16:03,0,,,,,,
6/30/2023 16:04,0,,,,,,
6/30/2023 16:05,0,,,,,,
6/30/2023 16:06,0,,,,,,
6/30/2023 16:07,0,,,,,,
6/30/2023 16:08,0,,,,,,
6/30/2023 16:09,0,,,,,,
6/30/2023 16:10,0,,,,,,
6/30/2023 16:11,0,,,,,,
6/30/2023 16:12,0,,,,,,
6/30/2023 16:13,0,,,,,,
6/30/2023 16:14,0,,,,,,
6/30/2023 16:15,0,,,,,,
6/30/2023 16:16,0,,,,,,
6/30/2023 16:17,0,,,,,,
6/30/2023 16:18,0,,,,,,
6/30/2023 16:19,0,,,,,,
6/30/2023 16:20,0,,,,,,
6/30/2023 16:21,0,,,,,,
6/30/2023 16:22,0,,,,,,
6/30/2023 16:23,0,,,,,,
6/30/2023 16:24,0.3997,,,,,,
6/30/2023 16:25,0.5505,,,,,,
6/30/2023 16:26,0.5487,,,,,,
6/30/2023 16:27,0.5481,,,,,,
6/30/2023 16:28,0.5515,,,,,,
6/30/2023 16:29,0.5558,,,,,,
6/30/2023 16:30,0.5617,,,,,,
6/30/2023 16:31,0.5574,,,,,,
6/30/2023 16:32,0.1665,,,,,,
6/30/2023 16:33,0,,,,,,
6/30/2023 16:34,0,,,,,,
6/30/2023 16:35,0,,,,,,
6/30/2023 16:36,0,,,,,,
6/30/2023 16:37,0,,,,,,
6/30/2023 16:38,0,,,,,,
6/30/2023 16:39,0,,,,,,
6/30/2023 16:40,0,,,,,,
6/30/2023 16:41,0,,,,,,
6/30/2023 16:42,0,,,,,,
6/30/2023 16:43,0,,,,,,
6/30/2023 16:44,0,,,,,,
6/30/2023 16:45,0,,,,,,
6/30/2023 16:46,0,,,,,,
6/30/2023 16:47,0,,,,,,
6/30/2023 16:48,0,,,,,,
6/30/2023 16:49,0,,,,,,
6/30/2023 16:50,0,,,,,,
6/30/2023 16:51,0,,,,,,
6/30/2023 16:52,0,,,,,,
6/30/2023 16:53,0,,,,,,
6/30/2023 16:54,0,,,,,,
6/30/2023 16:55,0,,,,,,
6/30/2023 16:56,0,,,,,,
6/30/2023 16:57,0,,,,,,
6/30/2023 16:58,0,,,,,,
6/30/2023 16:59,0,,,,,,
6/30/2023 17:00,0.1204,,,,,,
6/30/2023 17:01,0.5551,,,,,,
6/30/2023 17:02,0.5579,,,,,,
6/30/2023 17:03,0.5561,,,,,,
6/30/2023 17:04,0.5575,,,,,,
6/30/2023 17:05,0.5552,,,,,,
6/30/2023 17:06,0.5548,,,,,,
6/30/2023 17:07,0.5564,,,,,,
6/30/2023 17:08,0.3063,,,,,,
6/30/2023 17:09,0,,,,,,
6/30/2023 17:10,0,,,,,,
6/30/2023 17:11,0,,,,,,
6/30/2023 17:12,0,,,,,,
6/30/2023 17:13,0,,,,,,
6/30/2023 17:14,0,,,,,,
6/30/2023 17:15,0,,,,,,
6/30/2023 17:16,0,,,,,,
6/30/2023 17:17,0,,,,,,
6/30/2023 17:18,0,,,,,,
6/30/2023 17:19,0,,,,,,
6/30/2023 17:20,0,,,,,,
6/30/2023 17:21,0,,,,,,
6/30/2023 17:22,0,,,,,,
6/30/2023 17:23,0,,,,,,
6/30/2023 17:24,0,,,,,,
6/30/2023 17:25,0,,,,,,
6/30/2023 17:26,0,,,,,,
6/30/2023 17:27,0,,,,,,
6/30/2023 17:28,0,,,,,,
6/30/2023 17:29,0,,,,,,
6/30/2023 17:30,0,,,,,,
6/30/2023 17:31,0,,,,,,
6/30/2023 17:32,0,,,,,,
6/30/2023 17:33,0.2651,,,,,,
6/30/2023 17:34,0.555,,,,,,
6/30/2023 17:35,0.5589,,,,,,
6/30/2023 17:36,0.5505,,,,,,
6/30/2023 17:37,0.5529,,,,,,
6/30/2023 17:38,0.5564,,,,,,
6/30/2023 17:39,0.554,,,,,,
6/30/2023 17:40,0.5547,,,,,,
6/30/2023 17:41,0.1595,,,,,,
6/30/2023 17:42,0,,,,,,
6/30/2023 17:43,0,,,,,,
6/30/2023 17:44,0,,,,,,
6/30/2023 17:45,0,,,,,,
6/30/2023 17:46,0,,,,,,
6/30/2023 17:47,0,,,,,,
6/30/2023 17:48,0,,,,,,
6/30/2023 17:49,0,,,,,,
6/30/2023 17:50,0,,,,,,
6/30/2023 17:51,0,,,,,,
6/30/2023 17:52,0,,,,,,
6/30/2023 17:53,0,,,,,,
6/30/2023 17:54,0,,,,,,
6/30/2023 17:55,0,,,,,,
6/30/2023 17:56,0,,,,,,
6/30/2023 17:57,0,,,,,,
6/30/2023 17:58,0,,,,,,
6/30/2023 17:59,0,,,,,,
6/30/2023 18:00,0,,,,,,
6/30/2023 18:01,0,,,,,,
6/30/2023 18:02,0,,,,,,
6/30/2023 18:03,0,,,,,,
6/30/2023 18:04,0,,,,,,
6/30/2023 18:05,0,,,,,,
6/30/2023 18:06,0,,,,,,
6/30/2023 18:07,0.2692,,,,,,
6/30/2023 18:08,0.559,,,,,,
6/30/2023 18:09,0.5632,,,,,,
6/30/2023 18:10,0.5597,,,,,,
6/30/2023 18:11,0.5549,,,,,,
6/30/2023 18:12,0.5557,,,,,,
6/30/2023 18:13,0.552,,,,,,
6/30/2023 18:14,0.5516,,,,,,
6/30/2023 18:15,0.4355,,,,,,
6/30/2023 18:16,0,,,,,,
6/30/2023 18:17,0,,,,,,
6/30/2023 18:18,0,,,,,,
6/30/2023 18:19,0,,,,,,
6/30/2023 18:20,0,,,,,,
6/30/2023 18:21,0,,,,,,
6/30/2023 18:22,0,,,,,,
6/30/2023 18:23,0,,,,,,
6/30/2023 18:24,0,,,,,,
6/30/2023 18:25,0,,,,,,
6/30/2023 18:26,0,,,,,,
6/30/2023 18:27,0,,,,,,
6/30/2023 18:28,0,,,,,,
6/30/2023 18:29,0,,,,,,
6/30/2023 18:30,0,,,,,,
6/30/2023 18:31,0,,,,,,
6/30/2023 18:32,0,,,,,,
6/30/2023 18:33,0,,,,,,
6/30/2023 18:34,0,,,,,,
6/30/2023 18:35,0,,,,,,
6/30/2023 18:36,0,,,,,,
6/30/2023 18:37,0,,,,,,
6/30/2023 18:38,0,,,,,,
6/30/2023 18:39,0,,,,,,
6/30/2023 18:40,0,,,,,,
6/30/2023 18:41,0,,,,,,
6/30/2023 18:42,0.2735,,,,,,
6/30/2023 18:43,0.5536,,,,,,
6/30/2023 18:44,0.558,,,,,,
6/30/2023 18:45,0.5574,,,,,,
6/30/2023 18:46,0.5508,,,,,,
6/30/2023 18:47,0.5533,,,,,,
6/30/2023 18:48,0.5562,,,,,,
6/30/2023 18:49,0.5558,,,,,,
6/30/2023 18:50,0.4346,,,,,,
6/30/2023 18:51,0,,,,,,
6/30/2023 18:52,0,,,,,,
6/30/2023 18:53,0,,,,,,
6/30/2023 18:54,0,,,,,,
6/30/2023 18:55,0,,,,,,
6/30/2023 18:56,0,,,,,,
6/30/2023 18:57,0,,,,,,
6/30/2023 18:58,0,,,,,,
6/30/2023 18:59,0,,,,,,
6/30/2023 19:00,0,,,,,,
6/30/2023 19:01,0,,,,,,
6/30/2023 19:02,0,,,,,,
6/30/2023 19:03,0,,,,,,
6/30/2023 19:04,0,,,,,,
6/30/2023 19:05,0,,,,,,
6/30/2023 19:06,0,,,,,,
6/30/2023 19:07,0,,,,,,
6/30/2023 19:08,0,,,,,,
6/30/2023 19:09,0,,,,,,
6/30/2023 19:10,0,,,,,,
6/30/2023 19:11,0,,,,,,
6/30/2023 19:12,0,,,,,,
6/30/2023 19:13,0,,,,,,
6/30/2023 19:14,0,,,,,,
6/30/2023 19:15,0,,,,,,
6/30/2023 19:16,0,,,,,,
6/30/2023 19:17,0,,,,,,
6/30/2023 19:18,0,,,,,,
6/30/2023 19:19,0,,,,,,
6/30/2023 19:20,0,,,,,,
6/30/2023 19:21,0,,,,,,
6/30/2023 19:22,0,,,,,,
6/30/2023 19:23,0,,,,,,
6/30/2023 19:24,0,,,,,,
6/30/2023 19:25,0,,,,,,
6/30/2023 19:26,0,,,,,,
6/30/2023 19:27,0,,,,,,
6/30/2023 19:28,0,,,,,,
6/30/2023 19:29,0,,,,,,
6/30/2023 19:30,0,,,,,,
6/30/2023 19:31,0,,,,,,
6/30/2023 19:32,0,,,,,,
6/30/2023 19:33,0,,,,,,
6/30/2023 19:34,0.4101,,,,,,
6/30/2023 19:35,0.5476,,,,,,
6/30/2023 19:36,0.5467,,,,,,
6/30/2023 19:37,0.546,,,,,,
6/30/2023 19:38,0.5472,,,,,,
6/30/2023 19:39,0.5453,,,,,,
6/30/2023 19:40,0.4244,,,,,,
6/30/2023 19:41,0,,,,,,
6/30/2023 19:42,0,,,,,,
6/30/2023 19:43,0,,,,,,
6/30/2023 19:44,0,,,,,,
6/30/2023 19:45,0,,,,,,
6/30/2023 19:46,0,,,,,,
6/30/2023 19:47,0,,,,,,
6/30/2023 19:48,0,,,,,,
6/30/2023 19:49,0,,,,,,
6/30/2023 19:50,0,,,,,,
6/30/2023 19:51,0,,,,,,
6/30/2023 19:52,0,,,,,,
6/30/2023 19:53,0,,,,,,
6/30/2023 19:54,0,,,,,,
6/30/2023 19:55,0,,,,,,
6/30/2023 19:56,0,,,,,,
6/30/2023 19:57,0,,,,,,
6/30/2023 19:58,0,,,,,,
6/30/2023 19:59,0,,,,,,
6/30/2023 20:00,0,,,,,,
6/30/2023 20:01,0,,,,,,
6/30/2023 20:02,0,,,,,,
6/30/2023 20:03,0,,,,,,
6/30/2023 20:04,0,,,,,,
6/30/2023 20:05,0,,,,,,
6/30/2023 20:06,0,,,,,,
6/30/2023 20:07,0,,,,,,
6/30/2023 20:08,0,,,,,,
6/30/2023 20:09,0,,,,,,
6/30/2023 20:10,0,,,,,,
6/30/2023 20:11,0,,,,,,
6/30/2023 20:12,0,,,,,,
6/30/2023 20:13,0,,,,,,
6/30/2023 20:14,0,,,,,,
6/30/2023 20:15,0,,,,,,
6/30/2023 20:16,0,,,,,,
6/30/2023 20:17,0,,,,,,
6/30/2023 20:18,0,,,,,,
6/30/2023 20:19,0,,,,,,
6/30/2023 20:20,0,,,,,,
6/30/2023 20:21,0,,,,,,
6/30/2023 20:22,0,,,,,,
6/30/2023 20:23,0,,,,,,
6/30/2023 20:24,0,,,,,,
6/30/2023 20:25,0,,,,,,
6/30/2023 20:26,0,,,,,,
6/30/2023 20:27,0,,,,,,
6/30/2023 20:28,0,,,,,,
6/30/2023 20:29,0,,,,,,
6/30/2023 20:30,0,,,,,,
6/30/2023 20:31,0,,,,,,
6/30/2023 20:32,0,,,,,,
6/30/2023 20:33,0,,,,,,
6/30/2023 20:34,0,,,,,,
6/30/2023 20:35,0,,,,,,
6/30/2023 20:36,0,,,,,,
6/30/2023 20:37,0,,,,,,
6/30/2023 20:38,0,,,,,,
6/30/2023 20:39,0,,,,,,
6/30/2023 20:40,0.271,,,,,,
6/30/2023 20:41,0.5279,,,,,,
6/30/2023 20:42,0.5294,,,,,,
6/30/2023 20:43,0.5253,,,,,,
6/30/2023 20:44,0.5242,,,,,,
6/30/2023 20:45,0.527,,,,,,
6/30/2023 20:46,0.4019,,,,,,
6/30/2023 20:47,0,,,,,,
6/30/2023 20:48,0,,,,,,
6/30/2023 20:49,0,,,,,,
6/30/2023 20:50,0,,,,,,
6/30/2023 20:51,0,,,,,,
6/30/2023 20:52,0,,,,,,
6/30/2023 20:53,0,,,,,,
6/30/2023 20:54,0,,,,,,
6/30/2023 20:55,0,,,,,,
6/30/2023 20:56,0,,,,,,
6/30/2023 20:57,0,,,,,,
6/30/2023 20:58,0,,,,,,
6/30/2023 20:59,0,,,,,,
6/30/2023 21:00,0,,,,,,
6/30/2023 21:01,0,,,,,,
6/30/2023 21:02,0,,,,,,
6/30/2023 21:03,0,,,,,,
6/30/2023 21:04,0,,,,,,
6/30/2023 21:05,0,,,,,,
6/30/2023 21:06,0,,,,,,
6/30/2023 21:07,0,,,,,,
6/30/2023 21:08,0,,,,,,
6/30/2023 21:09,0,,,,,,
6/30/2023 21:10,0,,,,,,
6/30/2023 21:11,0,,,,,,
6/30/2023 21:12,0,,,,,,
6/30/2023 21:13,0,,,,,,
6/30/2023 21:14,0,,,,,,
6/30/2023 21:15,0,,,,,,
6/30/2023 21:16,0,,,,,,
6/30/2023 21:17,0,,,,,,
6/30/2023 21:18,0,,,,,,
6/30/2023 21:19,0,,,,,,
6/30/2023 21:20,0,,,,,,
6/30/2023 21:21,0,,,,,,
6/30/2023 21:22,0,,,,,,
6/30/2023 21:23,0,,,,,,
6/30/2023 21:24,0,,,,,,
6/30/2023 21:25,0,,,,,,
6/30/2023 21:26,0,,,,,,
6/30/2023 21:27,0,,,,,,
6/30/2023 21:28,0,,,,,,
6/30/2023 21:29,0,,,,,,
6/30/2023 21:30,0,,,,,,
6/30/2023 21:31,0,,,,,,
6/30/2023 21:32,0,,,,,,
6/30/2023 21:33,0,,,,,,
6/30/2023 21:34,0,,,,,,
6/30/2023 21:35,0,,,,,,
6/30/2023 21:36,0,,,,,,
6/30/2023 21:37,0,,,,,,
6/30/2023 21:38,0,,,,,,
6/30/2023 21:39,0,,,,,,
6/30/2023 21:40,0,,,,,,
6/30/2023 21:41,0,,,,,,
6/30/2023 21:42,0,,,,,,
6/30/2023 21:43,0,,,,,,
6/30/2023 21:44,0,,,,,,
6/30/2023 21:45,0,,,,,,
6/30/2023 21:46,0,,,,,,
6/30/2023 21:47,0,,,,,,
6/30/2023 21:48,0,,,,,,
6/30/2023 21:49,0.2683,,,,,,
6/30/2023 21:50,0.5167,,,,,,
6/30/2023 21:51,0.5159,,,,,,
6/30/2023 21:52,0.5161,,,,,,
6/30/2023 21:53,0.5134,,,,,,
6/30/2023 21:54,0.3923,,,,,,
6/30/2023 21:55,,,,,,,
6/30/2023 21:56,,,,,,,
6/30/2023 21:57,,,,,,,
6/30/2023 21:58,,,,,,,
6/30/2023 21:59,,,,,,,
6/30/2023 22:00,,,,,,,
6/30/2023 22:01,,,,,,,
6/30/2023 22:02,,,,,,,
6/30/2023 22:03,,,,,,,
6/30/2023 22:04,,,,,,,
6/30/2023 22:05,,,,,,,
6/30/2023 22:06,,,,,,,
6/30/2023 22:07,,,,,,,
6/30/2023 22:08,,,,,,,
6/30/2023 22:09,,,,,,,
6/30/2023 22:10,,,,,,,
6/30/2023 22:11,,,,,,,
6/30/2023 22:12,,,,,,,
6/30/2023 22:13,,,,,,,
6/30/2023 22:14,,,,,,,
6/30/2023 22:15,,,,,,,
6/30/2023 22:16,,,,,,,
6/30/2023 22:17,,,,,,,
6/30/2023 22:18,,,,,,,
6/30/2023 22:19,,,,,,,
6/30/2023 22:20,,,,,,,
6/30/2023 22:21,,,,,,,
6/30/2023 22:22,,,,,,,
6/30/2023 22:23,,,,,,,
6/30/2023 22:24,,,,,,,
6/30/2023 22:25,,,,,,,
6/30/2023 22:26,,,,,,,
6/30/2023 22:27,,,,,,,
6/30/2023 22:28,,,,,,,
6/30/2023 22:29,,,,,,,
6/30/2023 22:30,,,,,,,
6/30/2023 22:31,,,,,,,
6/30/2023 22:32,,,,,,,
6/30/2023 22:33,,,,,,,
6/30/2023 22:34,,,,,,,
6/30/2023 22:35,,,,,,,
6/30/2023 22:36,,,,,,,
6/30/2023 22:37,,,,,,,
6/30/2023 22:38,,,,,,,
6/30/2023 22:39,,,,,,,
6/30/2023 22:40,,,,,,,
6/30/2023 22:41,,,,,,,
6/30/2023 22:42,,,,,,,
6/30/2023 22:43,,,,,,,
6/30/2023 22:44,,,,,,,
6/30/2023 22:45,,,,,,,
6/30/2023 22:46,,,,,,,
6/30/2023 22:47,,,,,,,
6/30/2023 22:48,,,,,,,
6/30/2023 22:49,,,,,,,
6/30/2023 22:50,,,,,,,
6/30/2023 22:51,,,,,,,
6/30/2023 22:52,,,,,,,
6/30/2023 22:53,,,,,,,
6/30/2023 22:54,,,,,,,
6/30/2023 22:55,,,,,,,
6/30/2023 22:56,,,,,,,
6/30/2023 22:57,,,,,,,
6/30/2023 22:58,,,,,,,
6/30/2023 22:59,,,,,,,
6/30/2023 23:00,,,,,,,
6/30/2023 23:01,,,,,,,
6/30/2023 23:02,,,,,,,
6/30/2023 23:03,,,,,,,
6/30/2023 23:04,,,,,,,
6/30/2023 23:05,,,,,,,
6/30/2023 23:06,,,,,,,
6/30/2023 23:07,,,,,,,
6/30/2023 23:08,,,,,,,
6/30/2023 23:09,,,,,,,
6/30/2023 23:10,,,,,,,
6/30/2023 23:11,,,,,,,
6/30/2023 23:12,,,,,,,
6/30/2023 23:13,,,,,,,
6/30/2023 23:14,,,,,,,
6/30/2023 23:15,,,,,,,
6/30/2023 23:16,,,,,,,
6/30/2023 23:17,,,,,,,
6/30/2023 23:18,,,,,,,
6/30/2023 23:19,,,,,,,
6/30/2023 23:20,,,,,,,
6/30/2023 23:21,,,,,,,
6/30/2023 23:22,,,,,,,
6/30/2023 23:23,,,,,,,
6/30/2023 23:24,,,,,,,
6/30/2023 23:25,,,,,,,
6/30/2023 23:26,,,,,,,
6/30/2023 23:27,,,,,,,
6/30/2023 23:28,,,,,,,
6/30/2023 23:29,,,,,,,
6/30/2023 23:30,,,,,,,
6/30/2023 23:31,,,,,,,
6/30/2023 23:32,,,,,,,
6/30/2023 23:33,,,,,,,
6/30/2023 23:34,,,,,,,
6/30/2023 23:35,,,,,,,
6/30/2023 23:36,,,,,,,
6/30/2023 23:37,,,,,,,
6/30/2023 23:38,,,,,,,
6/30/2023 23:39,,,,,,,
6/30/2023 23:40,,,,,,,
6/30/2023 23:41,,,,,,,
6/30/2023 23:42,,,,,,,
6/30/2023 23:43,,,,,,,
6/30/2023 23:44,,,,,,,
6/30/2023 23:45,,,,,,,
6/30/2023 23:46,,,,,,,
6/30/2023 23:47,,,,,,,
6/30/2023 23:48,,,,,,,
6/30/2023 23:49,,,,,,,
6/30/2023 23:50,,,,,,,
6/30/2023 23:51,,,,,,,
6/30/2023 23:52,,,,,,,
6/30/2023 23:53,,,,,,,
6/30/2023 23:54,,,,,,,
6/30/2023 23:55,,,,,,,
6/30/2023 23:56,,,,,,,
6/30/2023 23:57,,,,,,,
6/30/2023 23:58,,,,,,,
6/30/2023 23:59,,,,,,,
